<?xml version="1.0" encoding="UTF-8"?>
<project-private xmlns="http://www.netbeans.org/ns/project-private/1">
    <editor-bookmarks xmlns="http://www.netbeans.org/ns/editor-bookmarks/2" lastBookmarkId="0"/>
    <open-files xmlns="http://www.netbeans.org/ns/projectui-open-files/2">
        <group>
            <file>file:/C:/Users/Administrateur.user-HP/Documents/NetBeansProjects/PRESSING/src/pressing/gerant.java</file>
            <file>file:/C:/Users/Administrateur.user-HP/Documents/NetBeansProjects/PRESSING/src/pressing/connexion.java</file>
            <file>file:/C:/Users/Administrateur.user-HP/Documents/NetBeansProjects/PRESSING/src/pressing/employe.java</file>
            <file>file:/C:/Users/Administrateur.user-HP/Documents/NetBeansProjects/PRESSING/src/pressing/spaceemp.java</file>
            <file>file:/C:/Users/Administrateur.user-HP/Documents/NetBeansProjects/PRESSING/src/pressing/admin.java</file>
            <file>file:/C:/Users/Administrateur.user-HP/Documents/NetBeansProjects/PRESSING/src/pressing/accueil.java</file>
            <file>file:/C:/Users/Administrateur.user-HP/Documents/NetBeansProjects/PRESSING/src/pressing/PRESSING.java</file>
            <file>file:/C:/Users/Administrateur.user-HP/Documents/NetBeansProjects/PRESSING/src/pressing/fenetreInscription.java</file>
            <file>file:/C:/Users/Administrateur.user-HP/Documents/NetBeansProjects/PRESSING/src/pressing/login.java</file>
        </group>
    </open-files>
</project-private>
